781446567;0;240734508;95.7;1;241398428;52.6;
241398428;2;240734508;43.7;3;377514201;4.3;
835576350;4;307222531;29.0;5;987939882;19.3;6;737284703;14.5;7;082171595;12.8;8;769109207;12.2;9;919779085;10.6;10;401627990;10.5;11;311217639;8.6;12;377514201;8.0;13;303987975;7.2;14;056560110;7.2;15;702224632;6.4;16;831510016;6.3;17;101639486;5.8;18;554639663;5.3;19;644234189;5.1;20;775985721;5.0;21;828496614;4.7;
575384648;22;280878829;27.6;23;397151272;14.9;24;063048639;8.4;25;033188931;8.4;26;389432536;6.0;27;514518018;6.0;28;398374209;4.6;29;401627990;4.3;30;711522518;3.5;31;528639664;2.7;
397151272;32;280878829;27.1;33;063048639;7.2;34;681955206;6.2;35;401627990;6.0;36;412068496;4.1;37;398374209;3.6;38;336564489;3.5;39;929267377;3.3;40;648281954;3.0;
769109207;41;919779085;23.4;42;631000182;19.0;43;683046999;17.7;44;929267377;12.9;45;303987975;11.0;46;953264039;9.3;47;232742918;9.0;48;416665525;6.2;49;737284703;5.4;50;401627990;3.7;
336564489;51;972533087;19.8;52;232742918;15.0;53;775823881;11.5;54;382287003;5.9;55;301534811;5.7;56;377514201;3.1;
834421107;57;412068496;19.7;
631000182;58;683046999;18.6;59;953264039;9.5;60;377514201;8.3;61;099114769;7.1;62;382287003;6.5;63;111979500;4.4;64;033188931;4.3;65;107234467;3.9;66;681955206;3.8;67;972533087;3.1;
056560110;68;311217639;17.2;69;987939882;9.4;70;953264039;8.9;71;082171595;8.5;72;307222531;8.1;73;711522518;6.7;74;828496614;6.5;75;919779085;5.8;76;377514201;4.8;77;303987975;3.6;
307222531;78;737284703;15.7;79;311217639;10.0;80;977482328;8.6;81;401627990;7.4;82;987939882;6.7;83;082171595;6.2;84;775985721;5.9;85;919779085;4.7;86;303987975;3.9;87;377514201;3.7;
033188931;88;101639486;14.8;89;107234467;5.3;90;018979372;5.0;91;482133588;3.3;
683046999;92;929267377;13.6;93;953264039;9.1;94;789149422;4.6;
972533087;95;775823881;11.6;96;232742918;7.9;97;681955206;7.8;98;301534811;4.6;
091380994;99;977482328;11.5;100;891781188;9.4;101;981430584;6.2;102;107234467;5.3;
303987975;103;919779085;11.4;104;987939882;10.5;105;737284703;9.7;106;082171595;6.7;107;665467443;4.3;108;311217639;3.9;109;775985721;3.4;110;702224632;3.4;111;831510016;3.3;112;401627990;2.4;113;377514201;2.4;
953264039;114;711522518;11.4;115;828496614;9.8;116;929267377;8.4;117;398374209;4.8;118;008470236;2.4;
063048639;119;280878829;11.2;120;398374209;5.3;121;784649162;4.4;122;889264903;4.1;123;916011084;3.5;124;401627990;3.2;
082171595;125;311217639;10.6;126;382287003;8.8;127;831510016;6.6;128;919779085;5.2;129;377514201;4.5;
107234467;130;101639486;10.3;
977482328;131;891781188;10.0;132;377514201;5.1;
919779085;133;737284703;9.8;134;377514201;6.9;135;311217639;6.8;136;269562465;4.6;137;775985721;4.3;138;828496614;4.1;139;401627990;2.9;
269562465;140;537398255;9.2;141;008470236;2.6;
711522518;142;417665872;8.9;
554639663;143;702224632;8.0;144;493205352;6.5;145;111979500;6.0;146;831510016;5.7;147;665467443;5.5;
232742918;148;301534811;7.9;149;416665525;7.5;150;737284703;6.2;
769442125;151;018979372;7.6;
280878829;152;398374209;7.1;153;401627990;6.1;154;775823881;4.4;
337501741;155;198010668;6.9;156;620093012;5.8;
775985721;157;702224632;6.8;158;987939882;6.5;159;831510016;5.3;160;401627990;3.2;
401627990;161;737284703;6.8;162;398374209;3.2;163;889264903;3.1;164;929267377;2.9;
702224632;165;665467443;6.6;
648281954;166;398374209;5.2;167;737284703;4.4;
377514201;168;311217639;5.0;169;987939882;4.0;170;528639664;2.4;171;008470236;2.2;
493205352;172;223980076;4.3;
916011084;173;111979500;3.7;174;889264903;3.1;
775823881;175;681955206;3.4;
929267377;176;008470236;2.5;
