039186835;0;984980461;87.2;1;884547054;66.6;2;587267956;59.5;3;530652138;51.0;4;893732506;34.7;5;294102556;31.9;6;261047951;27.6;7;788356600;25.5;8;435495532;29.7;9;613750120;27.6;10;725238980;25.5;11;354731204;25.5;12;359930107;25.5;13;052281599;27.6;14;923437789;25.5;15;878677506;27.6;16;076727843;27.6;17;790787938;27.6;
984980461;18;884547054;66.6;19;587267956;58.8;20;530652138;47.0;21;893732506;34.7;22;261047951;25.4;23;294102556;23.5;24;788356600;29.4;25;613750120;27.4;26;354731204;27.4;27;725238980;25.4;28;435495532;23.5;29;052281599;27.4;30;359930107;23.5;31;923437789;25.4;32;076727843;33.3;33;878677506;25.4;34;790787938;29.4;
243025130;35;020638927;82.3;36;118358201;34.2;
884547054;37;530652138;66.6;42;587267956;66.6;43;893732506;33.3;
530652138;38;587267956;32.0;39;893732506;26.0;40;725238980;21.3;41;435495532;17.3;
052281599;44;261047951;61.1;45;087778513;16.5;46;076727843;22.0;47;294102556;21.6;48;790787938;27.0;49;301486795;14.6;50;359930107;9.3;51;788356600;10.9;52;249290567;10.8;53;131704822;8.2;54;613750120;8.8;55;964161788;7.9;56;830470407;9.9;57;725238980;8.8;58;435495532;8.6;59;354731204;8.1;60;923437789;6.6;61;878677506;6.6;
613750120;62;449565932;27.5;63;435495532;20.2;64;023962037;27.6;65;359930107;17.0;66;829036633;32.5;67;294102556;23.3;68;261047951;22.2;69;788356600;12.7;70;855735224;15.0;71;354731204;9.5;72;725238980;9.5;73;923437789;8.8;74;830470407;9.5;75;878677506;8.1;76;076727843;9.5;77;814365534;8.8;78;790787938;10.2;
893732506;79;411846968;30.4;80;587267956;34.7;
829036633;81;564913001;41.8;82;877539637;30.2;83;354731204;30.2;84;830470407;30.2;
013691708;85;832540394;25.9;86;449565932;18.9;
294102556;87;261047951;22.2;88;435495532;23.3;89;788356600;20.0;90;359930107;21.6;91;725238980;20.0;92;449565932;20.0;93;354731204;20.0;94;923437789;20.0;95;878677506;21.6;96;076727843;20.0;97;790787938;21.6;
359930107;98;353166678;21.4;99;855735224;21.2;100;261047951;24.0;101;788356600;10.9;102;725238980;8.8;103;435495532;8.6;104;354731204;8.1;105;076727843;16.1;106;923437789;8.0;107;878677506;8.0;108;814365534;8.7;109;790787938;9.3;
043655794;110;863410454;21.6;111;814365534;30.5;112;209578625;11.9;113;790787938;34.7;114;830470407;12.7;
851212549;115;862312934;23.0;116;939605035;15.2;117;452409622;9.9;118;427317100;8.2;119;915078807;9.3;120;135657498;8.0;
790787938;121;076727843;15.7;122;261047951;64.8;123;814365534;7.6;124;830470407;9.5;125;863410454;28.3;126;788356600;14.5;127;354731204;9.5;128;725238980;9.5;129;964161788;7.3;130;923437789;6.7;131;435495532;8.6;132;778589098;5.3;133;878677506;3.1;
087778513;134;301486795;14.6;135;249290567;10.8;136;964161788;12.3;137;131704822;12.3;
076727843;138;261047951;62.9;139;788356600;13.6;140;354731204;9.5;141;725238980;9.5;142;435495532;8.6;143;923437789;6.7;144;915078807;4.6;145;878677506;3.4;
354731204;146;788356600;13.6;147;725238980;11.0;148;452409622;9.9;149;923437789;10.2;150;435495532;8.6;151;830470407;8.1;152;878677506;9.5;
788356600;153;725238980;12.7;154;435495532;10.9;155;923437789;12.7;156;878677506;11.8;
939605035;157;427317100;14.1;
729742890;158;118358201;13.9;
923437789;159;725238980;12.5;160;435495532;8.6;161;878677506;7.2;162;814365534;6.1;
435495532;163;725238980;8.8;164;830470407;11.5;165;878677506;9.4;166;814365534;9.4;
863410454;167;830470407;21.6;168;915078807;16.2;169;814365534;18.9;
131704822;170;301486795;13.4;171;964161788;6.8;172;878677506;6.4;
915078807;173;862312934;21.5;174;855735224;15.0;175;814365534;9.2;176;162850042;8.5;177;135657498;5.5;
722720882;178;056337735;33.3;179;814365534;4.1;
964161788;180;249290567;10.8;181;449565932;8.6;182;003377623;8.2;183;814365534;6.8;
862312934;184;135657498;18.4;
814365534;185;830470407;10.5;190;209578625;12.8;
778589098;187;208167765;8.6;188;924895664;8.6;
830470407;186;353166678;10.7;
878677506;189;725238980;10.2;
