039186835;0;984980461;83.6;1;884547054;57.8;2;587267956;43.0;3;530652138;39.3;4;893732506;34.4;5;294102556;28.0;6;261047951;25.7;7;788356600;15.2;8;435495532;15.1;9;613750120;13.4;10;725238980;13.1;11;354731204;12.3;12;359930107;12.2;13;052281599;11.4;14;923437789;9.9;15;878677506;6.0;16;076727843;4.6;17;790787938;3.2;
984980461;18;884547054;55.1;19;587267956;44.7;20;530652138;38.0;21;893732506;32.9;22;261047951;24.7;23;294102556;21.6;24;788356600;18.6;25;613750120;14.1;26;354731204;14.1;27;725238980;13.9;28;435495532;12.6;29;052281599;12.0;30;359930107;12.0;31;923437789;10.6;32;076727843;6.0;33;878677506;6.0;34;790787938;3.7;
243025130;35;020638927;50.9;36;118358201;14.2;
530652138;37;884547054;43.2;38;587267956;30.3;39;893732506;19.8;40;725238980;15.1;41;435495532;12.2;
884547054;42;587267956;40.3;43;893732506;29.2;
052281599;44;261047951;28.0;45;087778513;13.2;46;076727843;11.5;47;294102556;10.7;48;790787938;10.6;49;301486795;9.6;50;359930107;8.4;51;788356600;8.2;52;249290567;8.2;53;131704822;8.1;54;613750120;7.9;55;964161788;7.8;56;830470407;7.5;57;725238980;7.5;58;435495532;7.5;59;354731204;7.3;60;923437789;6.4;61;878677506;4.2;
613750120;62;449565932;26.6;63;435495532;19.6;64;023962037;16.9;65;359930107;16.8;66;829036633;14.7;67;294102556;13.5;68;261047951;11.9;69;788356600;10.8;70;855735224;10.5;71;354731204;9.5;72;725238980;9.1;73;923437789;7.6;74;830470407;6.3;75;878677506;4.5;76;076727843;4.2;77;814365534;4.1;78;790787938;3.3;
893732506;79;411846968;25.6;80;587267956;24.8;
829036633;81;564913001;22.3;82;877539637;13.9;83;354731204;13.6;84;830470407;7.7;
013691708;85;832540394;21.8;86;449565932;13.2;
294102556;87;261047951;21.0;88;435495532;14.1;89;788356600;14.1;90;359930107;12.4;91;725238980;12.2;92;449565932;12.1;93;354731204;11.5;94;923437789;9.4;95;878677506;5.9;96;076727843;4.2;97;790787938;3.2;
359930107;98;353166678;18.3;99;855735224;14.8;100;261047951;12.8;101;788356600;9.2;102;725238980;8.4;103;435495532;8.3;104;354731204;8.1;105;076727843;7.2;106;923437789;6.9;107;878677506;4.5;108;814365534;4.1;109;790787938;3.1;
043655794;110;863410454;16.6;111;814365534;11.9;112;209578625;11.9;113;790787938;9.5;114;830470407;7.2;
851212549;115;862312934;13.9;116;939605035;11.0;117;452409622;9.2;118;427317100;8.1;119;915078807;6.8;120;135657498;6.2;
790787938;121;076727843;12.8;122;261047951;8.8;123;814365534;6.0;124;830470407;5.4;125;863410454;5.1;126;788356600;3.7;127;354731204;3.1;128;725238980;2.9;129;964161788;2.8;130;923437789;2.7;131;435495532;2.7;132;778589098;2.6;133;878677506;2.1;
087778513;134;301486795;12.3;135;249290567;10.3;136;964161788;10.1;137;131704822;9.7;
076727843;138;261047951;12.0;139;788356600;4.8;140;354731204;4.2;141;725238980;4.0;142;435495532;3.7;143;923437789;3.6;144;915078807;3.1;145;878677506;2.9;
354731204;146;788356600;11.6;147;725238980;10.6;148;452409622;9.3;149;923437789;8.7;150;435495532;8.4;151;830470407;5.4;152;878677506;5.3;
788356600;153;725238980;11.3;154;435495532;9.6;155;923437789;9.2;156;878677506;5.3;
939605035;157;427317100;10.4;
729742890;158;118358201;10.3;
923437789;159;725238980;10.3;160;435495532;7.2;161;878677506;4.8;162;814365534;3.5;
435495532;163;725238980;8.7;164;830470407;7.4;165;878677506;5.0;166;814365534;4.1;
863410454;167;830470407;8.6;168;915078807;7.1;169;814365534;5.0;
131704822;170;301486795;8.6;171;964161788;6.6;172;878677506;4.2;
915078807;173;862312934;8.6;174;855735224;7.0;175;814365534;6.4;176;162850042;5.9;177;135657498;5.2;
722720882;178;056337735;8.4;179;814365534;3.1;
964161788;180;249290567;8.3;181;449565932;7.6;182;003377623;7.4;183;814365534;3.6;
862312934;184;135657498;8.0;
830470407;185;814365534;7.9;186;353166678;5.9;
778589098;187;208167765;6.3;188;924895664;6.2;
878677506;189;725238980;5.4;
814365534;190;209578625;4.9;
