727021720;0;267899748;99.3;1;590767481;24.3;2;161535740;19.3;3;233370873;17.3;4;121319743;16.5;5;038543911;8.0;6;136609048;7.5;7;624097661;6.1;8;657414231;6.1;9;773034533;5.5;10;058408652;5.4;11;680457864;5.0;
502308015;12;680457864;84.0;13;494218148;13.7;14;343901343;11.8;15;273043902;11.5;16;551915295;10.0;17;517564944;9.9;18;058408652;9.5;19;038612763;8.9;20;733502999;8.3;21;624097661;8.0;22;161535740;7.5;23;956183172;6.6;24;657414231;6.2;25;136609048;5.6;26;385160026;5.5;27;151118867;5.2;28;038543911;5.0;29;097039303;4.8;30;175314887;4.8;31;603933536;4.5;32;233370873;4.4;33;180311742;4.3;
959480504;34;326664040;46.7;35;876990284;7.3;36;739539474;4.9;37;680457864;4.6;
007585497;38;164969856;40.0;39;121319743;25.7;40;911053172;22.7;41;509015409;9.2;42;199886528;9.0;43;401815131;8.7;44;956183172;8.1;45;058408652;7.6;46;739539474;7.5;47;047694986;6.7;
175314887;48;471240451;35.7;49;911053172;24.0;50;636781459;11.6;51;830477127;8.7;52;405447623;8.5;53;739539474;7.8;54;199886528;7.8;55;175477644;6.0;56;680457864;5.9;57;343901343;5.8;58;773034533;5.7;59;662686942;5.6;60;768871066;5.4;61;038612763;5.1;62;248957148;5.0;63;097039303;4.3;
768871066;64;670795139;26.3;65;636781459;22.1;66;401815131;20.5;67;876990284;19.4;68;671077368;19.1;69;930060596;16.3;70;038612763;15.2;71;911467532;14.9;72;911053172;14.5;73;405447623;12.3;74;889860222;11.1;75;662564138;9.9;76;180311742;9.2;77;047694986;9.0;78;773034533;9.0;79;662686942;8.9;80;038543911;8.3;81;248749039;8.1;82;422374176;7.0;83;471240451;6.4;84;248957148;5.9;85;343901343;5.7;86;956183172;5.6;87;785650403;5.5;88;164969856;5.5;89;517564944;4.7;90;385160026;4.4;91;093464247;4.4;92;910012384;4.2;
636781459;93;911053172;26.1;94;876990284;19.0;95;038612763;16.2;96;739539474;14.0;97;047694986;11.4;98;093464247;10.7;99;164969856;8.6;100;773034533;8.6;101;471240451;8.5;102;910012384;8.4;103;136609048;7.6;104;662686942;7.4;105;343901343;7.2;106;220004117;5.2;107;930060596;5.0;108;509015409;5.0;109;830477127;4.9;110;405447623;4.8;111;514493787;4.7;112;603933536;4.7;113;199886528;4.4;114;570903457;4.4;115;785650403;4.3;
233370873;116;161535740;25.7;117;267899748;17.4;118;136609048;10.7;119;151118867;9.1;120;657414231;5.4;121;680457864;5.4;
267899748;122;590767481;24.4;123;161535740;19.5;124;038543911;8.0;125;136609048;7.5;126;624097661;6.1;127;657414231;6.1;128;773034533;5.6;129;058408652;5.5;130;680457864;5.0;
910012384;131;662686942;21.7;132;199886528;16.1;133;930060596;15.6;134;366741904;13.9;135;422374176;13.8;136;385160026;13.1;137;180311742;12.5;138;785650403;12.3;139;634981200;12.1;140;175477644;11.9;141;671077368;11.9;142;739539474;11.8;143;517564944;11.7;144;058408652;11.6;145;047694986;11.3;146;321400696;11.0;147;494218148;10.9;148;514493787;10.7;149;989781482;10.7;150;551915295;9.6;151;889860222;9.6;152;136609048;9.5;153;676509862;9.0;154;603933536;9.0;155;093464247;8.5;156;038612763;8.4;157;830477127;8.3;158;956183172;8.0;159;097039303;7.9;160;273043902;7.6;161;670795139;7.3;162;773034533;7.2;163;657414231;7.0;164;704055364;6.7;165;405447623;6.7;166;248957148;6.4;167;401815131;5.4;168;343901343;5.1;169;733502999;5.1;170;883096743;5.1;171;570903457;5.1;172;624097661;4.7;
671077368;173;670795139;20.8;174;930060596;13.9;175;175477644;10.4;176;889860222;10.3;177;514493787;10.2;178;662564138;8.6;179;808812672;8.4;180;047694986;7.6;181;551915295;7.4;182;273043902;7.1;183;517564944;7.0;184;248957148;6.8;185;657414231;6.7;186;883096743;6.3;187;704055364;6.2;188;662686942;5.8;189;422374176;5.1;190;136609048;5.1;191;385160026;5.1;192;180311742;4.7;193;560222624;4.4;194;773034533;4.4;
164969856;195;121319743;20.4;196;911053172;18.8;197;509015409;8.4;198;093464247;8.2;199;058408652;5.8;200;038612763;5.7;
572216471;201;366792707;20.0;202;151118867;9.7;203;773034533;9.4;204;047694986;8.7;205;343901343;8.6;206;676509862;8.0;207;220004117;8.0;208;876990284;7.8;209;930060596;6.0;210;058408652;6.0;211;624097661;5.5;212;956183172;5.4;213;199886528;5.1;214;785650403;5.0;215;248749039;4.5;
047694986;216;889860222;19.8;217;517564944;17.6;218;514493787;17.0;219;662686942;15.8;220;199886528;15.6;221;385160026;13.6;222;273043902;13.5;223;175477644;13.4;224;624097661;11.7;225;883096743;9.9;226;657414231;9.6;227;343901343;9.4;228;570903457;8.0;229;930060596;7.9;230;704055364;7.4;231;038612763;6.7;232;422374176;6.2;233;911053172;5.8;234;180311742;5.7;235;785650403;5.6;236;551915295;5.6;237;670795139;5.2;238;599876762;5.2;239;830477127;4.4;
624097661;240;676509862;19.0;241;494218148;17.6;242;038543911;15.8;243;343901343;14.1;244;038612763;13.7;245;773034533;12.4;246;733502999;11.6;247;385160026;10.5;248;220004117;10.0;249;808812672;9.1;250;175477644;7.3;251;136609048;7.0;252;657414231;6.7;253;785650403;6.3;254;634981200;6.1;255;199886528;5.6;256;930060596;5.1;257;551915295;5.1;258;889860222;5.0;259;956183172;4.9;260;248957148;4.7;261;093464247;4.4;
401815131;262;911467532;17.6;263;830477127;13.4;264;876990284;13.3;265;670795139;9.6;266;956183172;9.4;267;773034533;9.3;268;248749039;8.4;269;405447623;8.0;270;422374176;7.1;271;603933536;7.0;272;911053172;6.1;273;509015409;6.0;274;560222624;5.1;275;889860222;4.8;276;038543911;4.5;277;808812672;4.4;278;989781482;4.3;
136609048;279;038543911;17.3;280;151118867;13.3;281;038612763;11.6;282;494218148;9.3;283;956183172;9.0;284;097039303;8.6;285;773034533;8.0;286;785650403;7.8;287;321400696;7.4;288;220004117;7.1;289;161535740;7.0;290;930060596;6.9;291;551915295;6.6;292;058408652;6.6;293;657414231;6.5;294;680457864;6.3;295;343901343;5.6;296;911053172;4.8;297;273043902;4.5;
517564944;298;273043902;17.0;299;551915295;15.1;300;514493787;14.2;301;889860222;13.9;302;930060596;12.7;303;175477644;11.3;304;343901343;10.8;305;662686942;10.0;306;366741904;8.6;307;680457864;8.5;308;657414231;8.3;309;385160026;8.1;310;704055364;7.8;311;883096743;7.2;312;733502999;6.8;313;180311742;6.5;314;097039303;6.3;315;739539474;5.3;316;058408652;5.1;317;422374176;5.0;318;151118867;4.4;319;830477127;4.3;
175477644;320;889860222;16.8;321;385160026;13.3;322;657414231;12.6;323;514493787;11.4;324;883096743;11.4;325;180311742;10.8;326;704055364;10.7;327;773034533;10.6;328;405447623;10.3;329;551915295;10.2;330;494218148;10.1;331;093464247;10.1;332;634981200;9.7;333;273043902;9.0;334;739539474;8.8;335;930060596;8.7;336;560222624;8.6;337;220004117;8.4;338;830477127;8.4;339;343901343;8.2;340;662686942;8.0;341;956183172;7.8;342;785650403;7.0;343;422374176;6.7;344;058408652;6.3;345;038612763;5.5;346;509015409;5.5;347;676509862;5.4;348;733502999;5.1;349;670795139;5.0;350;366741904;4.3;
058408652;351;956183172;16.8;352;676509862;12.0;353;590767481;11.0;354;680457864;10.8;355;038612763;9.3;356;097039303;9.3;357;366792707;7.5;358;739539474;7.4;359;662686942;7.4;360;385160026;7.1;361;634981200;7.0;362;494218148;6.5;363;248957148;6.1;364;551915295;6.0;365;220004117;5.9;366;930060596;5.9;367;773034533;5.3;368;785650403;4.6;369;876990284;4.6;370;509015409;4.3;371;199886528;4.3;
551915295;372;889860222;16.6;373;385160026;13.9;374;662686942;11.7;375;343901343;11.5;376;773034533;10.5;377;248957148;8.4;378;883096743;8.0;379;038612763;7.5;380;599876762;7.3;381;097039303;6.4;382;494218148;6.1;383;785650403;5.6;384;680457864;5.0;385;930060596;4.8;386;220004117;4.6;387;509015409;4.4;
422374176;388;248957148;16.5;389;911467532;15.8;390;248749039;12.9;391;180311742;11.0;392;956183172;10.1;393;773034533;9.8;394;662686942;8.7;395;093464247;8.6;396;570903457;7.5;397;889860222;6.7;398;321400696;6.5;399;599876762;6.4;400;739539474;6.3;401;514493787;6.1;402;785650403;5.3;403;930060596;5.3;404;634981200;4.8;405;676509862;4.6;406;220004117;4.5;
385160026;407;670795139;16.3;408;704055364;15.9;409;514493787;15.5;410;883096743;11.2;411;662686942;11.1;412;930060596;11.1;413;599876762;11.0;414;180311742;9.4;415;343901343;9.2;416;785650403;9.1;417;634981200;8.3;418;657414231;7.5;419;494218148;7.3;420;773034533;6.8;421;830477127;6.5;422;038612763;6.3;423;739539474;5.8;424;038543911;5.7;425;733502999;5.6;426;889860222;5.3;427;509015409;5.3;428;097039303;4.5;
830477127;429;180311742;15.3;430;038612763;9.8;431;093464247;9.6;432;471240451;9.2;433;773034533;9.1;434;634981200;8.9;435;343901343;8.7;436;930060596;8.0;437;676509862;7.7;438;657414231;7.2;439;785650403;6.8;440;911467532;6.6;441;273043902;6.4;442;704055364;5.3;443;405447623;5.2;444;733502999;4.8;445;989781482;4.7;446;570903457;4.3;447;739539474;4.3;
739539474;448;603933536;14.3;449;038612763;9.9;450;876990284;9.1;451;199886528;9.0;452;093464247;8.9;453;773034533;8.7;454;930060596;8.0;455;911053172;7.7;456;471240451;6.8;457;321400696;6.5;458;662686942;6.0;459;366741904;5.8;460;634981200;5.4;461;733502999;4.7;
248749039;462;911467532;14.2;463;570903457;12.0;464;603933536;11.3;465;093464247;10.3;466;808812672;7.9;467;471240451;7.5;468;930060596;5.4;469;956183172;5.4;470;180311742;4.3;
514493787;471;883096743;13.9;472;704055364;13.7;473;273043902;12.4;474;930060596;10.6;475;657414231;9.9;476;662686942;9.7;477;889860222;6.6;478;366741904;6.2;479;248957148;6.2;480;956183172;4.6;
662686942;481;889860222;13.7;482;248957148;11.7;483;773034533;11.3;484;883096743;10.8;485;343901343;9.0;486;930060596;7.2;487;989781482;7.0;488;405447623;6.5;489;321400696;5.7;490;180311742;5.6;491;038612763;5.4;492;366792707;5.4;493;471240451;5.0;494;670795139;4.5;
889860222;495;883096743;13.3;496;930060596;10.4;497;180311742;6.8;498;989781482;6.6;499;773034533;6.5;500;670795139;5.7;501;676509862;5.2;502;509015409;4.8;503;199886528;4.2;
273043902;504;657414231;13.1;505;680457864;8.9;506;634981200;7.4;507;911467532;6.2;508;509015409;6.1;509;366741904;5.6;510;930060596;5.2;511;220004117;5.1;512;038543911;4.9;513;733502999;4.3;
343901343;514;509015409;12.9;515;930060596;10.2;516;733502999;9.8;517;680457864;9.3;518;180311742;9.0;519;038612763;9.0;520;773034533;7.4;521;670795139;7.1;522;038543911;6.9;523;471240451;5.6;524;248957148;5.5;525;494218148;5.2;526;220004117;5.1;527;097039303;5.0;528;590767481;4.5;
038543911;529;151118867;12.8;530;038612763;10.6;531;220004117;9.4;532;097039303;6.4;533;676509862;5.5;534;603933536;4.8;535;321400696;4.4;
785650403;536;097039303;12.6;537;038612763;10.5;538;773034533;10.3;539;634981200;9.2;540;321400696;8.0;541;366741904;7.7;542;199886528;7.6;543;930060596;7.5;544;494218148;7.3;545;956183172;6.3;546;093464247;6.0;547;989781482;4.6;548;676509862;4.4;549;220004117;4.3;550;808812672;4.3;
670795139;551;662564138;12.5;552;930060596;12.2;553;603933536;8.3;554;599876762;6.2;555;560222624;5.6;556;405447623;4.6;557;038612763;4.5;
494218148;558;680457864;12.4;559;097039303;9.5;560;321400696;9.4;561;773034533;9.1;562;733502999;7.9;563;676509862;7.7;564;151118867;7.5;565;199886528;7.3;566;956183172;7.3;567;634981200;7.0;568;930060596;5.2;
773034533;569;038612763;12.1;570;956183172;11.7;571;321400696;10.8;572;930060596;10.4;573;570903457;9.1;574;248957148;8.9;575;911053172;7.9;576;180311742;7.0;577;509015409;6.8;578;603933536;6.8;579;220004117;5.9;580;704055364;5.8;581;366741904;5.5;582;161535740;5.4;583;733502999;5.3;584;911467532;5.1;585;634981200;4.3;586;471240451;4.3;
093464247;587;603933536;11.7;588;911053172;9.1;589;911467532;7.6;590;248957148;6.9;591;590767481;6.8;592;634981200;6.7;593;570903457;6.0;594;989781482;6.0;595;956183172;5.3;596;366741904;5.3;
930060596;597;704055364;11.5;598;634981200;10.0;599;038612763;9.9;600;248957148;9.2;601;321400696;9.1;602;956183172;9.1;603;662564138;7.7;604;657414231;6.4;605;097039303;6.3;606;603933536;5.7;607;599876762;5.6;608;911467532;5.6;609;405447623;5.5;610;989781482;5.4;611;883096743;5.4;612;366741904;5.1;613;471240451;4.7;614;676509862;4.3;
038612763;615;911053172;11.5;616;151118867;7.4;617;603933536;6.5;618;199886528;6.2;619;097039303;5.2;620;248957148;5.1;621;471240451;5.0;622;366792707;4.9;623;590767481;4.5;
599876762;624;883096743;11.1;625;405447623;7.1;626;704055364;5.8;
956183172;627;180311742;11.0;628;199886528;9.6;629;911053172;8.4;630;911467532;7.7;631;680457864;7.7;632;676509862;5.7;633;989781482;5.5;634;151118867;5.4;635;220004117;4.9;636;808812672;4.7;
199886528;637;911053172;10.0;638;097039303;9.3;639;989781482;4.7;640;366741904;4.6;
097039303;641;634981200;9.8;642;321400696;7.8;643;657414231;7.8;644;248957148;7.7;645;676509862;7.2;646;680457864;5.3;
680457864;647;161535740;9.3;648;151118867;6.1;649;509015409;5.9;650;733502999;5.3;651;590767481;5.0;652;876990284;4.3;
321400696;653;248957148;9.2;654;989781482;8.1;655;570903457;7.5;656;603933536;7.0;657;366792707;5.4;658;676509862;5.2;
405447623;659;471240451;9.0;660;676509862;6.4;661;704055364;5.7;662;560222624;5.0;663;570903457;4.2;
509015409;664;590767481;8.6;665;911053172;8.5;666;180311742;5.6;667;220004117;5.2;668;808812672;4.4;
180311742;669;560222624;8.3;670;570903457;6.5;671;911467532;5.6;672;883096743;4.7;673;704055364;4.7;
634981200;674;676509862;7.1;675;704055364;6.3;676;366741904;6.0;677;570903457;5.9;678;657414231;4.8;
733502999;679;151118867;7.1;680;989781482;5.2;681;220004117;4.6;682;603933536;4.3;
220004117;683;590767481;7.0;684;676509862;6.4;685;876990284;6.3;686;248957148;5.0;687;808812672;4.3;
911467532;688;876990284;6.9;
248957148;689;570903457;6.6;690;471240451;4.9;691;676509862;4.3;
657414231;692;366741904;6.2;693;161535740;4.9;
676509862;694;560222624;6.1;
704055364;695;808812672;5.8;696;883096743;5.7;697;151118867;5.3;
603933536;698;989781482;5.0;699;366741904;4.9;
